danai,danai@shedabest.com,1234
ting2,tingers@t2.com,ting2
mom,mom@mom.com,jake
holly,holly@loveshotmail.com,holly
alex,alex@howard.com,cookie
jake,jake@jake.com,mom
new,new@W,pbkdf2:sha256:50000$ghyyHfd5$9ad5ee0d07e17cdaf8ce7c304034b46951a23488b2ce787842a01e03f4d148f8
athens,athens@athens,pbkdf2:sha256:50000$t9iWJQMo$027282aff8aba9c554c788edadfe55523bb04105bf56e63dad9acbb4b3ab25ec
123,123@w,pbkdf2:sha256:50000$2FrhfDp3$c091d9e684fd69c341f301545f645f3d961128a898438ff4a9e98053ada6f1ae
567,567@E,pbkdf2:sha256:50000$JmhlW5Cc$1a7d5f098364f6f888800cdeaadd44be04a4398f6c9da8a0a3cc47712bdd9574
Diane,Diane@gmail.com,pbkdf2:sha256:50000$zUqPSIOa$1e52f5d20714496bddf440aad324d1ec571d4bd5b480b622a2d986f11c078e4a
Ian1,Ian1@hotmail.com,pbkdf2:sha256:50000$4B26mHBQ$d968a9ad086e3f5bcc1a97163b4c1d14cf5d5ded1c06a622402a1a6843d934f9
Ian2,Ian2@hotmail.com,pbkdf2:sha256:50000$ehvKIi7S$7cc70b917c01679bb9433ff9d943f631e5b59a32b97416098c10c9389da85a7a
Ian3,Ian3@hotmail.com,pbkdf2:sha256:50000$Zu8MVWgh$ef1f2ef0de2837874ecf62f7529cd43b3e9544f551104150ae9cb1b579fd1546
Ian4,Ian4@hotmail.com,pbkdf2:sha256:50000$jCmALv38$47bdf5e8c4c590044972df5b7a9fc0e90162060cad348d6d1d4393f7e457d621
Ian5,Ian5@hotmail.com,pbkdf2:sha256:50000$c7pn7IOo$d667731f46619241ea09c8b3a5865e9583d142e2a5f6548ae40818339018bbf8
r88,r88@w,pbkdf2:sha256:50000$bIyRZ6tu$cbef8497de091293177ea85d703f537cf37aed49f2c8985472fabe92b3004348
chips,chips@hotmail.com,pbkdf2:sha256:50000$cqRxzRtr$eeb6a0f5626fc642a1a2fd038657a8d7f41f5b24d4df36f6373594c6f01e5dcb
pizza,pizza@hotmail.com,pbkdf2:sha256:50000$b2JoUqw9$b32a8f6afd7bd46b2eae60039c84d0cc269872607ab6bd551712fe9ed4d6a985
cheese,cheese@w,pbkdf2:sha256:50000$RxR1i3MC$e9b69523b4a47d41f401182637c58ee0ec093ba19e2058e8a6d6a3a7fe152777
cheesy,cheesy@hotmail.com,pbkdf2:sha256:50000$Imxu5PUO$114eea9f509744f11ad47471669e7ccfbf00383eb0f654f650ca6962178fcd7c
dah,dah@a,pbkdf2:sha256:50000$mfT4zFGD$061a3cf4d9e48726f41dbed0843dd9f5e5a569f81e46739c7c74c1f787fe99ca
dah1,dah@a1,pbkdf2:sha256:50000$YWWHmCrU$177b2b055078d27911644ddab3159d95156353e692035db2b09683eb83a6a850
dah2,dah2@e,pbkdf2:sha256:50000$qX4CVEO1$05c8f4dcb842ba16dcb1c1b54ca4e42d29b51f40d6bff242b59971db24887311
dih,dih@q,pbkdf2:sha256:50000$V4UWb07X$6121fc0e738b4291894fb2dafa69e187d479af7ca826ce97f84d401cd4e9fe82
tio,tio@a,pbkdf2:sha256:50000$MEZm5ky3$a8ca9380dcf322e2a93373cc36791c7c014b664544ad70dece0912156645c117
too,too@a,pbkdf2:sha256:50000$Wyh00Y0P$da556ceaf64a3937a3a7ecb4540c1d6cb28fc37bb9704c6163fa803043018bcd
chris,chris@1,pbkdf2:sha256:50000$UV88kyzK$669773e157dec48bea6f29a539ad2a1b85e2c4e4ff544b54e80edb714f21540f
dd,dd@w,pbkdf2:sha256:50000$VYpblnxN$3966c7237e924f272c8fccd87fb984e3187683d1d241ff5e429af7a276c36a8d
ko,ko@w,pbkdf2:sha256:50000$WkEcewcM$96a7f689211e596e930239023023a265cb9c40cbf417b1307607f3df6ecb5571
sing,sing@e,pbkdf2:sha256:50000$U0cbsotF$612ee5d110c9c0e9930ab478f0984f8fa7658504d5b990f0c5a0c3506b40570a
song,song@d,pbkdf2:sha256:50000$KP5bgUEW$1673a2269159860c9329fdd5a464cadc02ad891f89caae2f162e78e14b2f3215
use1,use1@w,pbkdf2:sha256:50000$7HJAgC6n$7b3063fc886598b4fbe37839e4cb28064845f84be3e8605a4c50d5f4fb9c39be
jio,jio@w,pbkdf2:sha256:50000$3ukSJ5pe$1dfc3eabaf29fa05ba29ebca4fc36b9c12d3fe7f0787fca83455998c3d8efd85
jio1,jio@wv,pbkdf2:sha256:50000$KIi49yB4$6f527da6d5d12f311b5f2c81ea07db06168f3b863fe2aecfad6824699f5d8033
00,00@E,pbkdf2:sha256:50000$ZweloNtQ$0c38013d3d7de0723f660dff718b76fd18d1192c0e82992b7e0720b993bca59c
000,000@f,pbkdf2:sha256:50000$963sQv0I$42c2b0170a45b39c0f026eccc4899c8682d37e32c4e4d82cda31ec7608e4a039
007,007@2,pbkdf2:sha256:50000$IPBFgCLf$075d8760ea905962c00e65cf15b3571c21b73ddc74ade3fa4bb64bd655ed4a59
ioe,ioe@w,pbkdf2:sha256:50000$Ktm1rXqP$ce4834082c01b3601f362b38553d495d48d124c743384d1a98a32080d8c70584
